[
    {
        "id": 1,
        "name": "Beige metal hoop tote bag",
        "price": 76,
        "pictures": [
            "assets/images/products/elements/product-1-1.jpg",
            "assets/images/products/elements/product-1-2.jpg",
            "assets/images/products/elements/product-1-3.jpg",
            "assets/images/products/elements/product-1-4.jpg"
        ],
        "smPictures": [
            "assets/images/products/elements/product-1-1-300x300.jpg",
            "assets/images/products/elements/product-1-2-300x300.jpg",
            "assets/images/products/elements/product-1-3-300x300.jpg",
            "assets/images/products/elements/product-1-4-300x300.jpg"
        ],
        "shortDesc": "Sed egestas, ante et vulputate volutpat, eros pede semper est, vitae luctus metus libero eu augue. Morbi purus libero, faucibus adipiscing. Sed lectus.",
        "category": [
            "Women"
        ],
        "brands": [
            "UGG"
        ],
        "top": true,
        "ratings": 4,
        "reviews": 1,
        "stock": 10
    },
    {
        "id": 2,
        "name": "Beige ring handle circle cross body bag",
        "price": 55,
        "pictures": [
            "assets/images/products/single/fullwidth/1-big.jpg",
            "assets/images/products/single/fullwidth/2-big.jpg",
            "assets/images/products/single/fullwidth/3-big.jpg",
            "assets/images/products/single/fullwidth/4-big.jpg"
        ],
        "smPictures": [
            "assets/images/products/single/fullwidth/1.jpg",
            "assets/images/products/single/fullwidth/2.jpg",
            "assets/images/products/single/fullwidth/3.jpg",
            "assets/images/products/single/fullwidth/4.jpg"
        ],
        "shortDesc": "Morbi purus libero, faucibus adipiscing, commodo quis, gravida id, est. Sed lectus. Praesent elementum hendrerit tortor. Sed semper lorem at felis. Vestibulum volutpat, lacus a ultrices sagittis, mi neque euismod dui, eu pulvinar nunc sapien ornare nisl. Phasellus pede arcu, dapibus eu, fermentum et, dapibus sed, urna. Morbi i",
        "stock": 53,
        "category": [
            "Women"
        ],
        "brands": [
            "River Island",
            "Nike"
        ],
        "ratings": 3,
        "reviews": 3,
        "variants": [
            {
                "color": "#333333"
            },
            {
                "color": "#cc9966"
            },
            {
                "color": "#669933"
            },
            {
                "color": "#ebebeb"
            }
        ]
    },
    {
        "id": 3,
        "name": "Beige V neck button cardigan",
        "price": 72,
        "pictures": [
            "assets/images/products/elements/product-2-1.jpg",
            "assets/images/products/elements/product-2-2.jpg",
            "assets/images/products/elements/product-2-3.jpg",
            "assets/images/products/elements/product-2-4.jpg"
        ],
        "smPictures": [
            "assets/images/products/elements/product-2-1-300x300.jpg",
            "assets/images/products/elements/product-2-2-300x300.jpg",
            "assets/images/products/elements/product-2-3-300x300.jpg",
            "assets/images/products/elements/product-2-4-300x300.jpg"
        ],
        "shortDesc": "Sed egestas, ante et vulputate volutpat, eros pede semper est, vitae luctus metus libero eu augue. Morbi purus libero, faucibus adipiscing. Sed lectus.",
        "category": [
            "Women"
        ],
        "brands": [
            "River Island"
        ],
        "ratings": 0,
        "reviews": 0,
        "stock": 10
    },
    {
        "id": 4,
        "name": "Black denim dungaree dress",
        "price": 60,
        "pictures": [
            "assets/images/products/single/sidebar/product-5-1.jpg",
            "assets/images/products/single/sidebar/product-5-2.jpg",
            "assets/images/products/single/sidebar/product-5-3.jpg",
            "assets/images/products/single/sidebar/product-5-4.jpg"
        ],
        "smPictures": [
            "assets/images/products/single/sidebar/product-5-1-300x190.jpg",
            "assets/images/products/single/sidebar/product-5-2-300x190.jpg",
            "assets/images/products/single/sidebar/product-5-3-300x190.jpg",
            "assets/images/products/single/sidebar/product-5-4-300x190.jpg"
        ],
        "shortDesc": "Sed egestas, ante et vulputate volutpat, eros pede semper est, vitae luctus metus libero eu augue. Morbi purus libero, faucibus adipiscing. Sed lectus.",
        "stock": 203,
        "category": [
            "Women"
        ],
        "brands": [
            "F&F"
        ],
        "ratings": 0,
        "reviews": 0,
        "variants": [
            {
                "color": "#333333"
            },
            {
                "color": "#3399cc"
            },
            {
                "color": "#cc9966"
            }
        ]
    },
    {
        "id": 5,
        "name": "Black faux leather chain trim sandals",
        "price": 90,
        "pictures": [
            "assets/images/products/elements/5-big.jpg",
            "assets/images/products/elements/6-big.jpg",
            "assets/images/products/elements/7-big.jpg",
            "assets/images/products/elements/8-big.jpg"
        ],
        "smPictures": [
            "assets/images/products/elements/5.jpg",
            "assets/images/products/elements/6.jpg",
            "assets/images/products/elements/7.jpg",
            "assets/images/products/elements/8.jpg"
        ],
        "shortDesc": "Morbi purus libero, faucibus adipiscing, commodo quis, gravida id, est. Sed lectus. Praesent elementum hendrerit tortor. Sed semper lorem at felis. Vestibulum volutpat, lacus a ultrices sagittis, mi neque euismod dui, eu pulvinar nunc sapien ornare nisl. Phasellus pede arcu, dapibus eu, ",
        "category": [
            "Shoes",
            "Boots"
        ],
        "brands": [
            "Nike"
        ],
        "ratings": 0,
        "reviews": 0,
        "stock": 10
    },
    {
        "id": 6,
        "name": "Brown faux fur longline coat",
        "price": 310,
        "salePrice": 190,
        "pictures": [
            "assets/images/products/elements/product-3-1.jpg",
            "assets/images/products/elements/product-3-2.jpg",
            "assets/images/products/elements/product-3-3.jpg",
            "assets/images/products/elements/product-3-4.jpg"
        ],
        "smPictures": [
            "assets/images/products/elements/product-3-1-300x300.jpg",
            "assets/images/products/elements/product-3-2-300x300.jpg",
            "assets/images/products/elements/product-3-3-300x300.jpg",
            "assets/images/products/elements/product-3-4-300x300.jpg"
        ],
        "shortDesc": "Morbi purus libero, faucibus adipiscing, commodo quis, gravida id, est. Sed lectus. Praesent elementum hendrerit tortor. Sed semper lorem at felis. Vestibulum volutpat, lacus a ultrices sagittis, mi neque euismod dui, eu pulvinar nunc sapien ornare nisl. Phasellus pede arcu, dapibus eu, ",
        "category": [
            "Women"
        ],
        "brands": [
            "Geox"
        ],
        "discount": 27,
        "ratings": 0,
        "reviews": 0,
        "until": "2021-01-01",
        "stock": 10
    },
    {
        "id": 7,
        "name": "Dark yellow lace cut out swing dress",
        "price": 84,
        "pictures": [
            "assets/images/products/single/default/1-big.jpg",
            "assets/images/products/single/default/2-big.jpg",
            "assets/images/products/single/default/3-big.jpg",
            "assets/images/products/single/default/4-big.jpg"
        ],
        "smPictures": [
            "assets/images/products/single/default/1.jpg",
            "assets/images/products/single/default/2.jpg",
            "assets/images/products/single/default/3.jpg",
            "assets/images/products/single/default/4.jpg"
        ],
        "shortDesc": "Pellentesque aliquet nibh nec urna. In nisi neque, aliquet vel, dapibus id, mattis vel, nisi.",
        "category": [
            "Dresses"
        ],
        "brands": [
            "Geox"
        ],
        "stock": 10,
        "ratings": 0,
        "reviews": 0,
        "variants": [
            {
                "color": "#ebebeb"
            },
            {
                "color": "#eabc4e"
            }
        ]
    },
    {
        "id": 8,
        "name": "Yellow tie strap block heel sandals",
        "price": 68,
        "pictures": [
            "assets/images/products/single/extended/1-big.jpg",
            "assets/images/products/single/extended/2-big.jpg",
            "assets/images/products/single/extended/3-big.jpg",
            "assets/images/products/single/extended/4-big.jpg"
        ],
        "smPictures": [
            "assets/images/products/single/extended/1.jpg",
            "assets/images/products/single/extended/2.jpg",
            "assets/images/products/single/extended/3.jpg",
            "assets/images/products/single/extended/4.jpg"
        ],
        "shortDesc": "Sed egestas, ante et vulputate volutpat, eros pede semper est, vitae luctus metus libero eu augue. Morbi purus libero, faucibus adipiscing. Sed lectus.",
        "stock": 33,
        "category": [
            "Shoes",
            "Women"
        ],
        "brands": [
            "Nike"
        ],
        "ratings": 1,
        "reviews": 4,
        "variants": [
            {
                "color": "#333333"
            },
            {
                "color": "#3399cc"
            },
            {
                "color": "#cc9966"
            },
            {
                "color": "#f0c04a"
            }
        ]
    },
    {
        "id": 9,
        "name": "Loafers",
        "price": 67,
        "pictures": [
            "assets/images/products/single/centered/1-big.jpg",
            "assets/images/products/single/centered/2-big.jpg",
            "assets/images/products/single/centered/3-big.jpg"
        ],
        "smPictures": [
            "assets/images/products/single/centered/1.jpg",
            "assets/images/products/single/centered/2.jpg",
            "assets/images/products/single/centered/3.jpg"
        ],
        "shortDesc": "Morbi purus libero, faucibus adipiscing, commodo quis, gravida id, est. Sed lectus. Praesent elementum hendrerit tortor. Sed semper lorem at felis. Vestibulum volutpat, lacus a ultrices sagittis, mi neque euismod dui, eu pulvinar nunc sapien ornare nisl. Phasellus pede arcu, dapibus eu, ",
        "stock": 103,
        "category": [
            "Men",
            "Shoes",
            "Women"
        ],
        "brands": [
            "UGG"
        ],
        "ratings": 3,
        "reviews": 2,
        "variants": [
            {
                "color": "#333333"
            },
            {
                "color": "#f2719c"
            },
            {
                "color": "#f0c04a"
            }
        ]
    },
    {
        "id": 10,
        "name": "Printed Sweatshirt",
        "price": 12.99,
        "salePrice": 7.99,
        "pictures": [
            "assets/images/products/single/sidebar/product-1-1.jpg",
            "assets/images/products/single/sidebar/product-1-2.jpg",
            "assets/images/products/single/sidebar/product-1-3.jpg",
            "assets/images/products/single/sidebar/product-1-4.jpg"
        ],
        "smPictures": [
            "assets/images/products/single/sidebar/product-1-1-300x408.jpg",
            "assets/images/products/single/sidebar/product-1-2-300x408.jpg",
            "assets/images/products/single/sidebar/product-1-3-300x408.jpg",
            "assets/images/products/single/sidebar/product-1-4-300x408.jpg"
        ],
        "shortDesc": "Morbi purus libero, faucibus adipiscing, commodo quis, gravida id, est. Sed lectus. Praesent elementum hendrerit tortor. Sed semper lorem at felis. Vestibulum volutpat, lacus a ultrices sagittis, mi neque euismod dui, eu pulvinar nunc sapien ornare nisl. Phasellus pede arcu, dapibus eu, ",
        "stock": 23,
        "category": [
            "Clothing",
            "Women"
        ],
        "brands": [
            "River Island",
            "Nike"
        ],
        "discount": 18,
        "ratings": 1,
        "reviews": 2
    },
    {
        "id": 11,
        "name": "black jeans",
        "price": 14.99,
        "salePrice": 9.99,
        "pictures": [
            "assets/images/products/single/sidebar/product-2-1.jpg",
            "assets/images/products/single/sidebar/product-2-2.jpg",
            "assets/images/products/single/sidebar/product-2-3.jpg"
        ],
        "smPictures": [
            "assets/images/products/single/sidebar/product-2-1-300x408.jpg",
            "assets/images/products/single/sidebar/product-2-2-300x408.jpg",
            "assets/images/products/single/sidebar/product-2-3-300x408.jpg"
        ],
        "shortDesc": "Morbi purus libero, faucibus adipiscing, commodo quis, gravida id, est. Sed lectus. Praesent elementum hendrerit tortor. Sed semper lorem at felis. Vestibulum volutpat, lacus a ultrices sagittis, mi neque euismod dui, eu pulvinar nunc sapien ornare nisl. Phasellus pede arcu, dapibus eu, ",
        "stock": 23,
        "category": [
            "Clothing",
            "Men",
            "Women"
        ],
        "brands": [
            "River Island",
            "Nike"
        ],
        "discount": 20,
        "ratings": 2,
        "reviews": 8,
        "until": "2021-01-01"
    },
    {
        "id": 12,
        "name": "Trainers",
        "price": 19.99,
        "salePrice": 29.99,
        "pictures": [
            "assets/images/products/single/sidebar/product-3-1.jpg",
            "assets/images/products/single/sidebar/product-3-2.jpg",
            "assets/images/products/single/sidebar/product-3-3.jpg"
        ],
        "smPictures": [
            "assets/images/products/single/sidebar/product-3-1-300x408.jpg",
            "assets/images/products/single/sidebar/product-3-2-300x408.jpg",
            "assets/images/products/single/sidebar/product-3-3-300x408.jpg"
        ],
        "shortDesc": "Morbi purus libero, faucibus adipiscing, commodo quis, gravida id, est. Sed lectus. Praesent elementum hendrerit tortor. Sed semper lorem at felis. Vestibulum volutpat, lacus a ultrices sagittis, mi neque euismod dui, eu pulvinar nunc sapien ornare nisl. Phasellus pede arcu, dapibus eu, ",
        "stock": 203,
        "category": [
            "Clothing",
            "Women"
        ],
        "brands": [
            "Nike"
        ],
        "discount": 45,
        "ratings": 4,
        "reviews": 3
    },
    {
        "id": 13,
        "name": "Biker jacket",
        "price": 23.99,
        "pictures": [
            "assets/images/products/single/sidebar/product-4-1.jpg",
            "assets/images/products/single/sidebar/product-4-2.jpg",
            "assets/images/products/single/sidebar/product-4-3.jpg",
            "assets/images/products/single/sidebar/product-4-4.jpg"
        ],
        "smPictures": [
            "assets/images/products/single/sidebar/product-4-1-300x408.jpg",
            "assets/images/products/single/sidebar/product-4-2-300x408.jpg",
            "assets/images/products/single/sidebar/product-4-3-300x408.jpg",
            "assets/images/products/single/sidebar/product-4-4-300x408.jpg"
        ],
        "shortDesc": "Morbi purus libero, faucibus adipiscing, commodo quis, gravida id, est. Sed lectus. Praesent elementum hendrerit tortor. Sed semper lorem at felis. Vestibulum volutpat, lacus a ultrices sagittis, mi neque euismod dui, eu pulvinar nunc sapien ornare nisl. Phasellus pede arcu, dapibus eu, ",
        "stock": 203,
        "category": [
            "Clothing",
            "Men",
            "Women"
        ],
        "brands": [
            "F&F"
        ],
        "ratings": 4,
        "reviews": 2,
        "variants": [
            {
                "model": "assets/images/products/single/sidebar/product-4-1-thumb.jpg"
            },
            {
                "model": "assets/images/products/single/sidebar/product-4-2-thumb.jpg"
            }
        ]
    },
    {
        "id": 14,
        "name": "Marmot Empire Daypack",
        "price": 17.99,
        "salePrice": 12.99,
        "pictures": [
            "assets/images/products/single/sidebar/product-9-1.jpg",
            "assets/images/products/single/sidebar/product-9-2.jpg",
            "assets/images/products/single/sidebar/product-9-3.jpg"
        ],
        "smPictures": [
            "assets/images/products/single/sidebar/product-9-1-300x408.jpg",
            "assets/images/products/single/sidebar/product-9-2-300x408.jpg",
            "assets/images/products/single/sidebar/product-9-3-300x408.jpg"
        ],
        "shortDesc": "Sed egestas, ante et vulputate volutpat, eros pede semper est, vitae luctus metus libero eu augue. Morbi purus libero, faucibus adipiscing. Sed lectus.",
        "stock": 3,
        "discount": 24,
        "category": [
            "Bags",
            "Men",
            "Women"
        ],
        "brands": [
            "River Island",
            "UGG"
        ],
        "top": true,
        "ratings": 0,
        "reviews": 0
    },
    {
        "id": 15,
        "name": "Denim Jacket",
        "price": 19.99,
        "pictures": [
            "assets/images/products/single/sidebar/product-7-1.jpg",
            "assets/images/products/single/sidebar/product-7-2.jpg",
            "assets/images/products/single/sidebar/product-7-3.jpg",
            "assets/images/products/single/sidebar/product-7-4.jpg"
        ],
        "smPictures": [
            "assets/images/products/single/sidebar/product-7-1-300x408.jpg",
            "assets/images/products/single/sidebar/product-7-2-300x408.jpg",
            "assets/images/products/single/sidebar/product-7-3-300x408.jpg",
            "assets/images/products/single/sidebar/product-7-4-300x408.jpg"
        ],
        "shortDesc": "Morbi purus libero, faucibus adipiscing, commodo quis, gravida id, est. Sed lectus. Praesent elementum hendrerit tortor. Sed semper lorem at felis. Vestibulum volutpat, lacus a ultrices sagittis, mi neque euismod dui, eu pulvinar nunc sapien ornare nisl. Phasellus pede arcu, dapibus eu, ",
        "stock": 3,
        "category": [
            "Clothing",
            "Men",
            "Women"
        ],
        "brands": [
            "F&F"
        ],
        "ratings": 5,
        "reviews": 2,
        "variants": [
            {
                "model": "assets/images/products/single/sidebar/product-7-1-thumb.jpg"
            },
            {
                "model": "assets/images/products/single/sidebar/product-7-2-thumb.jpg"
            },
            {
                "model": "assets/images/products/single/sidebar/product-7-3-thumb.jpg"
            }
        ]
    },
    {
        "id": 16,
        "name": "Linen-blend paper bag trousers",
        "price": 15.99,
        "pictures": [
            "assets/images/products/single/sidebar/product-8-1.jpg",
            "assets/images/products/single/sidebar/product-8-2.jpg",
            "assets/images/products/single/sidebar/product-8-3.jpg",
            "assets/images/products/single/sidebar/product-8-4.jpg"
        ],
        "smPictures": [
            "assets/images/products/single/sidebar/product-8-1-300x408.jpg",
            "assets/images/products/single/sidebar/product-8-2-300x408.jpg",
            "assets/images/products/single/sidebar/product-8-3-300x408.jpg",
            "assets/images/products/single/sidebar/product-8-4-300x408.jpg"
        ],
        "shortDesc": "Morbi purus libero, faucibus adipiscing, commodo quis, gravida id, est. Sed lectus. Praesent elementum hendrerit tortor. Sed semper lorem at felis. Vestibulum volutpat, lacus a ultrices sagittis, mi neque euismod dui, eu pulvinar nunc sapien ornare nisl. Phasellus pede arcu, dapibus eu, ",
        "stock": 3,
        "category": [
            "Clothing",
            "Women"
        ],
        "brands": [
            "F&F"
        ],
        "ratings": 5,
        "reviews": 2,
        "variants": [
            {
                "model": "assets/images/products/single/sidebar/product-8-1-thumb.jpg"
            },
            {
                "model": "assets/images/products/single/sidebar/product-8-2-thumb.jpg"
            }
        ]
    },
    {
        "id": 17,
        "name": "Small bucket bag",
        "price": 14.99,
        "pictures": [
            "assets/images/products/single/sidebar/product-6-1.jpg",
            "assets/images/products/single/sidebar/product-6-2.jpg",
            "assets/images/products/single/sidebar/product-6-3.jpg",
            "assets/images/products/single/sidebar/product-6-4.jpg"
        ],
        "smPictures": [
            "assets/images/products/single/sidebar/product-6-1-300x408.jpg",
            "assets/images/products/single/sidebar/product-6-2-300x408.jpg",
            "assets/images/products/single/sidebar/product-6-3-300x408.jpg",
            "assets/images/products/single/sidebar/product-6-4-300x408.jpg"
        ],
        "shortDesc": "Morbi purus libero, faucibus adipiscing, commodo quis, gravida id, est. Sed lectus. Praesent elementum hendrerit tortor. Sed semper lorem at felis. Vestibulum volutpat, lacus a ultrices sagittis, mi neque euismod dui, eu pulvinar nunc sapien ornare nisl. Phasellus pede arcu, dapibus eu, ",
        "stock": 3,
        "category": [
            "Bags",
            "Men",
            "Women"
        ],
        "brands": [
            "F&F"
        ],
        "ratings": 4,
        "reviews": 3,
        "variants": [
            {
                "model": "assets/images/products/single/sidebar/product-6-1-thumb.jpg"
            },
            {
                "model": "assets/images/products/single/sidebar/product-6-2-thumb.jpg"
            }
        ]
    },
    {
        "id": 18,
        "name": "Sandals",
        "price": 17.99,
        "pictures": [
            "assets/images/products/single/sidebar/product-10-1.jpg",
            "assets/images/products/single/sidebar/product-10-2.jpg",
            "assets/images/products/single/sidebar/product-10-3.jpg"
        ],
        "smPictures": [
            "assets/images/products/single/sidebar/product-10-1-300x408.jpg",
            "assets/images/products/single/sidebar/product-10-2-300x408.jpg",
            "assets/images/products/single/sidebar/product-10-3-300x408.jpg"
        ],
        "shortDesc": "Morbi purus libero, faucibus adipiscing, commodo quis, gravida id, est. Sed lectus. Praesent elementum hendrerit tortor. Sed semper lorem at felis. Vestibulum volutpat, lacus a ultrices sagittis, mi neque euismod dui, eu pulvinar nunc sapien ornare nisl. Phasellus pede arcu, dapibus eu, ",
        "stock": 0,
        "category": [
            "Shoes",
            "Women"
        ],
        "brands": [
            "Nike"
        ],
        "top": true,
        "ratings": 0,
        "reviews": 0
    },
    {
        "id": 19,
        "name": "Short wrap dress",
        "price": 14.99,
        "pictures": [
            "assets/images/products/single/sidebar/product-11-1.jpg",
            "assets/images/products/single/sidebar/product-11-2.jpg",
            "assets/images/products/single/sidebar/product-11-3.jpg"
        ],
        "smPictures": [
            "assets/images/products/single/sidebar/product-11-1-300x408.jpg",
            "assets/images/products/single/sidebar/product-11-2-300x408.jpg",
            "assets/images/products/single/sidebar/product-11-3-300x408.jpg"
        ],
        "shortDesc": "Morbi purus libero, faucibus adipiscing, commodo quis, gravida id, est. Sed lectus. Praesent elementum hendrerit tortor. Sed semper lorem at felis. Vestibulum volutpat, lacus a ultrices sagittis, mi neque euismod dui, eu pulvinar nunc sapien ornare nisl. Phasellus pede arcu, dapibus eu, ",
        "stock": 20,
        "category": [
            "Clothing",
            "Women"
        ],
        "brands": [
            "New Balance",
            "Geox"
        ],
        "top": true,
        "ratings": 0,
        "reviews": 0
    },
    {
        "id": 20,
        "name": "Sandals",
        "price": 24.99,
        "pictures": [
            "assets/images/products/single/sidebar/product-12-1.jpg",
            "assets/images/products/single/sidebar/product-12-2.jpg",
            "assets/images/products/single/sidebar/product-12-3.jpg"
        ],
        "smPictures": [
            "assets/images/products/single/sidebar/product-12-1-300x408.jpg",
            "assets/images/products/single/sidebar/product-12-2-300x408.jpg",
            "assets/images/products/single/sidebar/product-12-3-300x408.jpg"
        ],
        "shortDesc": "Morbi purus libero, faucibus adipiscing, commodo quis, gravida id, est. Sed lectus. Praesent elementum hendrerit tortor. Sed semper lorem at felis. Vestibulum volutpat, lacus a ultrices sagittis, mi neque euismod dui, eu pulvinar nunc sapien ornare nisl. Phasellus pede arcu, dapibus eu, ",
        "category": [
            "Shoes",
            "Men"
        ],
        "brands": [
            "Nike"
        ],
        "ratings": 0,
        "reviews": 0,
        "stock": 10
    },
    {
        "id": 21,
        "name": "2-Seater",
        "price": 2486,
        "pictures": [
            "assets/images/products/shop/product-1-1.jpg",
            "assets/images/products/shop/product-1-2.jpg"
        ],
        "smPictures": [
            "assets/images/products/shop/product-1-1-300x300.jpg",
            "assets/images/products/shop/product-1-2-300x300.jpg"
        ],
        "shortDesc": "Sed egestas, ante et vulputate volutpat, eros pede semper est, vitae luctus metus libero eu augue. Morbi purus libero, faucibus adipiscing. Sed lectus.",
        "stock": 0,
        "category": [
            "Furniture"
        ],
        "brands": [
            "F&F",
            "UGG"
        ],
        "ratings": 5,
        "reviews": 2,
        "featured": true
    },
    {
        "id": 22,
        "name": "Block Side Table/Trolly",
        "price": 210,
        "pictures": [
            "assets/images/products/shop/product-2-1.jpg",
            "assets/images/products/shop/product-2-2.jpg"
        ],
        "smPictures": [
            "assets/images/products/shop/product-2-1-300x300.jpg",
            "assets/images/products/shop/product-2-2-300x300.jpg"
        ],
        "shortDesc": "Morbi purus libero, faucibus adipiscing, commodo quis, gravida id, est. Sed lectus. Praesent elementum hendrerit tortor. Sed semper lorem at felis. Vestibulum volutpat, lacus a ultrices sagittis, mi neque euismod dui, eu pulvinar nunc sapien ornare nisl. Phasellus pede arcu, dapibus eu, ",
        "stock": 10,
        "category": [
            "Furniture",
            "Coffee & Tables"
        ],
        "brands": [
            "F&F",
            "UGG"
        ],
        "ratings": 5,
        "reviews": 3,
        "featured": true
    },
    {
        "id": 23,
        "name": "Butler Stool Ladder",
        "price": 25,
        "salePrice": 20,
        "pictures": [
            "assets/images/products/shop/product-3-1.jpg",
            "assets/images/products/shop/product-3-2.jpg"
        ],
        "smPictures": [
            "assets/images/products/shop/product-3-1-300x300.jpg",
            "assets/images/products/shop/product-3-2-300x300.jpg"
        ],
        "shortDesc": "Morbi purus libero, faucibus adipiscing, commodo quis, gravida id, est. Sed lectus. Praesent elementum hendrerit tortor. Sed semper lorem at felis. Vestibulum volutpat, lacus a ultrices sagittis, mi neque euismod dui, eu pulvinar nunc sapien ornare nisl. Phasellus pede arcu, dapibus eu, ",
        "stock": 10,
        "discount": 20,
        "category": [
            "Furniture"
        ],
        "brands": [
            "Geox",
            "UGG",
            "River Island"
        ],
        "ratings": 3,
        "reviews": 1,
        "until": "2021-01-01",
        "featured": true,
        "top": true
    },
    {
        "id": 24,
        "name": "Can 2-Seater Sofa",
        "price": 60,
        "pictures": [
            "assets/images/products/shop/product-4-1.jpg",
            "assets/images/products/shop/product-4-2.jpg"
        ],
        "smPictures": [
            "assets/images/products/shop/product-4-1-300x300.jpg",
            "assets/images/products/shop/product-4-2-300x300.jpg"
        ],
        "shortDesc": "Morbi purus libero, faucibus adipiscing, commodo quis, gravida id, est. Sed lectus. Praesent elementum hendrerit tortor. Sed semper lorem at felis. Vestibulum volutpat, lacus a ultrices sagittis, mi neque euismod dui, eu pulvinar nunc sapien ornare nisl. Phasellus pede arcu, dapibus eu, ",
        "stock": 10,
        "category": [
            "Furniture"
        ],
        "brands": [
            "Geox"
        ],
        "ratings": 2,
        "reviews": 2,
        "variants": [
            {
                "color": "#3399cc"
            },
            {
                "color": "#cc3333"
            },
            {
                "color": "#cf004a"
            }
        ],
        "featured": true,
        "top": true
    },
    {
        "id": 25,
        "name": "Roots Sofa Bed",
        "price": 449,
        "pictures": [
            "assets/images/products/shop/product-11-1.jpg",
            "assets/images/products/shop/product-11-2.jpg"
        ],
        "smPictures": [
            "assets/images/products/shop/product-11-1-300x300.jpg",
            "assets/images/products/shop/product-11-2-300x300.jpg"
        ],
        "shortDesc": "Morbi purus libero, faucibus adipiscing, commodo quis, gravida id, est. Sed lectus. Praesent elementum hendrerit tortor. Sed semper lorem at felis. Vestibulum volutpat, lacus a ultrices sagittis, mi neque euismod dui, eu pulvinar nunc sapien ornare nisl. Phasellus pede arcu, dapibus eu, ",
        "stock": 2,
        "category": [
            "Furniture"
        ],
        "brands": [
            "UGG"
        ],
        "ratings": 2,
        "reviews": 4,
        "until": "2021-01-01",
        "top": true
    },
    {
        "id": 26,
        "name": "Carronade Table Lamp",
        "price": 130,
        "pictures": [
            "assets/images/products/shop/product-6-1.jpg",
            "assets/images/products/shop/product-6-2.jpg"
        ],
        "smPictures": [
            "assets/images/products/shop/product-6-1-300x300.jpg",
            "assets/images/products/shop/product-6-2-300x300.jpg"
        ],
        "shortDesc": "Sed egestas, ante et vulputate volutpat, eros pede semper est, vitae luctus metus libero eu augue. Morbi purus libero, faucibus adipiscing. Sed lectus.",
        "stock": 10,
        "category": [
            "Electronics",
            "Lighting",
            "Decoration"
        ],
        "brands": [
            "River Island"
        ],
        "ratings": 4,
        "reviews": 1,
        "variants": [
            {
                "color": "#333333"
            },
            {
                "color": "#cc3333"
            }
        ],
        "new": true,
        "featured": true
    },
    {
        "id": 27,
        "name": "Cushion Set 3 Pieces",
        "price": 199,
        "pictures": [
            "assets/images/products/shop/product-7-1.jpg",
            "assets/images/products/shop/product-7-2.jpg"
        ],
        "smPictures": [
            "assets/images/products/shop/product-7-1-300x300.jpg",
            "assets/images/products/shop/product-7-2-300x300.jpg"
        ],
        "shortDesc": "Morbi purus libero, faucibus adipiscing, commodo quis, gravida id, est. Sed lectus. Praesent elementum hendrerit tortor. Sed semper lorem at felis. Vestibulum volutpat, lacus a ultrices sagittis, mi neque euismod dui, eu pulvinar nunc sapien ornare nisl. Phasellus pede arcu, dapibus eu, ",
        "stock": 12,
        "category": [
            "Beds",
            "Decoration"
        ],
        "brands": [
            "Nike"
        ],
        "ratings": 0,
        "reviews": 0,
        "featured": true
    },
    {
        "id": 28,
        "name": "Flow Slim Armchair",
        "price": 97,
        "pictures": [
            "assets/images/products/shop/product-8-1.jpg",
            "assets/images/products/shop/product-8-2.jpg",
            "assets/images/products/shop/product-8-3.jpg"
        ],
        "smPictures": [
            "assets/images/products/shop/product-8-1-300x300.jpg",
            "assets/images/products/shop/product-8-2-300x300.jpg",
            "assets/images/products/shop/product-8-3-300x300.jpg"
        ],
        "shortDesc": "Morbi purus libero, faucibus adipiscing, commodo quis, gravida id, est. Sed lectus. Praesent elementum hendrerit tortor. Sed semper lorem at felis. Vestibulum volutpat, lacus a ultrices sagittis, mi neque euismod dui, eu pulvinar nunc sapien ornare nisl. Phasellus pede arcu, dapibus eu, ",
        "stock": 12,
        "category": [
            "Armchairs & Chaises",
            "Furniture"
        ],
        "brands": [
            "New Balance"
        ],
        "ratings": 3,
        "reviews": 2,
        "top": true
    },
    {
        "id": 29,
        "name": "Foldable Tray Table",
        "price": 308,
        "salePrice": 250,
        "discount": 30,
        "pictures": [
            "assets/images/products/shop/product-9-1.jpg",
            "assets/images/products/shop/product-9-2.jpg"
        ],
        "smPictures": [
            "assets/images/products/shop/product-9-1-300x300.jpg",
            "assets/images/products/shop/product-9-2-300x300.jpg"
        ],
        "shortDesc": "Morbi purus libero, faucibus adipiscing, commodo quis, gravida id, est. Sed lectus. Praesent elementum hendrerit tortor. Sed semper lorem at felis. Vestibulum volutpat, lacus a ultrices sagittis, mi neque euismod dui, eu pulvinar nunc sapien ornare nisl. Phasellus pede arcu, dapibus eu, ",
        "stock": 8,
        "category": [
            "Furniture",
            "Decoration"
        ],
        "brands": [
            "New Balance"
        ],
        "ratings": 3,
        "reviews": 1,
        "variants": [
            {
                "color": "#3399cc"
            },
            {
                "color": "#669933"
            },
            {
                "color": "#f2719c"
            }
        ],
        "top": true
    },
    {
        "id": 30,
        "name": "Garden Armchair",
        "price": 94,
        "pictures": [
            "assets/images/products/shop/product-10-1.jpg",
            "assets/images/products/shop/product-10-2.jpg"
        ],
        "smPictures": [
            "assets/images/products/shop/product-10-1-300x300.jpg",
            "assets/images/products/shop/product-10-2-300x300.jpg"
        ],
        "shortDesc": "Morbi purus libero, faucibus adipiscing, commodo quis, gravida id, est. Sed lectus. Praesent elementum hendrerit tortor. Sed semper lorem at felis. Vestibulum volutpat, lacus a ultrices sagittis, mi neque euismod dui, eu pulvinar nunc sapien ornare nisl. Phasellus pede arcu, dapibus eu, ",
        "stock": 8,
        "category": [
            "Armchairs & Chaises",
            "Furniture",
            "Decoration"
        ],
        "brands": [
            "New Balance"
        ],
        "ratings": 5,
        "reviews": 2,
        "variants": [
            {
                "color": "#3399cc"
            },
            {
                "color": "#669933"
            },
            {
                "color": "#f2719c"
            }
        ],
        "top": true
    },
    {
        "id": 31,
        "name": "Carronade Large Suspension Lamp",
        "price": 341,
        "pictures": [
            "assets/images/products/shop/product-5-1.jpg",
            "assets/images/products/shop/product-5-2.jpg"
        ],
        "smPictures": [
            "assets/images/products/shop/product-5-1-300x300.jpg",
            "assets/images/products/shop/product-5-2-300x300.jpg"
        ],
        "shortDesc": "Morbi purus libero, faucibus adipiscing, commodo quis, gravida id, est. Sed lectus. Praesent elementum hendrerit tortor. Sed semper lorem at felis. Vestibulum volutpat, lacus a ultrices sagittis, mi neque euismod dui, eu pulvinar nunc sapien ornare nisl. Phasellus pede arcu, dapibus eu, ",
        "stock": 10,
        "category": [
            "Lighting"
        ],
        "brands": [
            "New Balance"
        ],
        "ratings": 1,
        "reviews": 6,
        "variants": [
            {
                "color": "#cc9966"
            },
            {
                "color": "#f2719c"
            },
            {
                "color": "#f0c04a"
            }
        ],
        "top": true
    },
    {
        "id": 32,
        "name": "Petite Table Lamp",
        "price": 65,
        "pictures": [
            "assets/images/products/shop/product-12-1.jpg",
            "assets/images/products/shop/product-12-2.jpg",
            "assets/images/products/shop/product-12-3.jpg"
        ],
        "smPictures": [
            "assets/images/products/shop/product-12-1-300x300.jpg",
            "assets/images/products/shop/product-12-2-300x300.jpg",
            "assets/images/products/shop/product-12-3-300x300.jpg"
        ],
        "shortDesc": "Morbi purus libero, faucibus adipiscing, commodo quis, gravida id, est. Sed lectus. Praesent elementum hendrerit tortor. Sed semper lorem at felis. Vestibulum volutpat, lacus a ultrices sagittis, mi neque euismod dui, eu pulvinar nunc sapien ornare nisl. Phasellus pede arcu, dapibus eu, ",
        "stock": 14,
        "category": [
            "Lighting"
        ],
        "brands": [
            "Geox"
        ],
        "ratings": 5,
        "reviews": 2,
        "variants": [
            {
                "color": "#669933"
            },
            {
                "color": "#f2719c"
            },
            {
                "color": "#f0c04a"
            }
        ],
        "top": true
    },
    {
        "id": 33,
        "name": "Madra Log Holder",
        "price": 40,
        "pictures": [
            "assets/images/products/shop/product-13-1.jpg",
            "assets/images/products/shop/product-13-2.jpg"
        ],
        "smPictures": [
            "assets/images/products/shop/product-13-1-300x300.jpg",
            "assets/images/products/shop/product-13-2-300x300.jpg"
        ],
        "shortDesc": "Morbi purus libero, faucibus adipiscing, commodo quis, gravida id, est. Sed lectus. Praesent elementum hendrerit tortor. Sed semper lorem at felis. Vestibulum volutpat, lacus a ultrices sagittis, mi neque euismod dui, eu pulvinar nunc sapien ornare nisl. Phasellus pede arcu, dapibus eu, ",
        "stock": 10,
        "category": [
            "Decor",
            "Kitchen Cabinets",
            "Storage Boxes & Baskets"
        ],
        "brands": [
            "Geox"
        ],
        "ratings": 3,
        "reviews": 2,
        "top": true,
        "new": true
    },
    {
        "id": 34,
        "name": "Original Outdoor Beanbag",
        "price": 80,
        "pictures": [
            "assets/images/products/shop/product-14-1.jpg",
            "assets/images/products/shop/product-14-2.jpg",
            "assets/images/products/shop/product-14-3.jpg",
            "assets/images/products/shop/product-14-4.jpg"
        ],
        "smPictures": [
            "assets/images/products/shop/product-14-1-300x300.jpg",
            "assets/images/products/shop/product-14-2-300x300.jpg",
            "assets/images/products/shop/product-14-3-300x300.jpg",
            "assets/images/products/shop/product-14-4-300x300.jpg"
        ],
        "shortDesc": "Morbi purus libero, faucibus adipiscing, commodo quis, gravida id, est. Sed lectus. Praesent elementum hendrerit tortor. Sed semper lorem at felis. Vestibulum volutpat, lacus a ultrices sagittis, mi neque euismod dui, eu pulvinar nunc sapien ornare nisl. Phasellus pede arcu, dapibus eu, ",
        "stock": 4,
        "category": [
            "Decor",
            "Storage"
        ],
        "brands": [
            "Geox"
        ],
        "ratings": 4,
        "reviews": 23,
        "top": true
    },
    {
        "id": 35,
        "name": "Wingback Chair",
        "price": 199,
        "pictures": [
            "assets/images/products/shop/product-15-1.jpg"
        ],
        "smPictures": [
            "assets/images/products/shop/product-15-1-300x300.jpg"
        ],
        "shortDesc": "Morbi purus libero, faucibus adipiscing, commodo quis, gravida id, est. Sed lectus. Praesent elementum hendrerit tortor. Sed semper lorem at felis. Vestibulum volutpat, lacus a ultrices sagittis, mi neque euismod dui, eu pulvinar nunc sapien ornare nisl. Phasellus pede arcu, dapibus eu, ",
        "stock": 4,
        "category": [
            "Armchairs & Chaises",
            "Decor",
            "Sofas & Sleeper Sofas"
        ],
        "brands": [
            "New Balance"
        ],
        "ratings": 3,
        "reviews": 10
    }
]